training,Alert,28_50
training,Alert,28_100
training,Alert,28_150
training,Alert,28_200
training,Alert,28_250
training,Alert,28_300
training,Alert,28_350
training,Alert,28_400
training,Alert,28_450
training,Alert,28_500
training,Alert,28_550
training,Alert,28_600
training,Alert,28_650
training,Alert,28_700
training,Alert,28_750
training,Alert,28_800
training,Alert,28_850
training,Alert,28_900
training,Alert,28_950
training,Alert,28_1000
training,Alert,28_1050
training,Alert,28_1100
training,Alert,28_1150
training,Alert,28_1200
training,Alert,28_1250
training,Alert,28_1300
training,Alert,28_1350
training,Alert,28_1400
training,Alert,28_1450
training,Alert,28_1500
training,Alert,29_1550
training,Alert,29_1600
training,Alert,29_1650
training,Alert,29_1700
training,Alert,29_1750
training,Alert,29_1800
training,Alert,29_1850
training,Alert,29_1900
training,Alert,29_1950
training,Alert,29_2000
training,Alert,29_2050
training,Alert,29_2100
training,Alert,29_2150
training,Alert,29_2200
training,Alert,29_2250
training,Alert,29_2300
training,Alert,29_2350
training,Alert,29_2400
training,Alert,29_2450
training,Alert,29_2500
training,Alert,29_2550
training,Alert,29_2600
training,Alert,29_2650
training,Alert,29_2700
training,Alert,29_2749
training,Drowsy,28_10_50
training,Drowsy,28_10_100
training,Drowsy,28_10_150
training,Drowsy,28_10_200
training,Drowsy,28_10_250
training,Drowsy,28_10_300
training,Drowsy,28_10_350
training,Drowsy,28_10_400
training,Drowsy,28_10_450
training,Drowsy,28_10_500
training,Drowsy,28_10_550
training,Drowsy,28_10_600
training,Drowsy,28_10_650
training,Drowsy,28_10_700
training,Drowsy,28_10_750
training,Drowsy,28_10_800
training,Drowsy,28_10_850
training,Drowsy,28_10_900
training,Drowsy,28_10_950
training,Drowsy,28_10_1000
training,Drowsy,28_10_1050
training,Drowsy,28_10_1100
training,Drowsy,28_10_1150
training,Drowsy,28_10_1200
training,Drowsy,28_10_1250
training,Drowsy,28_10_1300
training,Drowsy,28_10_1350
training,Drowsy,28_10_1400
training,Drowsy,28_10_1450
training,Drowsy,28_10_1500
training,Drowsy,28_10_1550
training,Drowsy,28_10_1600
training,Drowsy,28_10_1650
training,Drowsy,28_10_1700
training,Drowsy,28_10_1750
training,Drowsy,28_10_1800
training,Drowsy,28_10_1850
training,Drowsy,28_10_1900
training,Drowsy,29_10_1950
training,Drowsy,29_10_2000
training,Drowsy,29_10_2050
training,Drowsy,29_10_2100
training,Drowsy,29_10_2150
training,Drowsy,29_10_2200
training,Drowsy,29_10_2250
training,Drowsy,29_10_2300
training,Drowsy,29_10_2350
training,Drowsy,29_10_2400
training,Drowsy,29_10_2450
training,Drowsy,29_10_2500
training,Drowsy,29_10_2550
training,Drowsy,29_10_2600
training,Drowsy,29_10_2650
training,Drowsy,29_10_2700
training,Drowsy,29_10_2750
training,Drowsy,29_10_2800
training,Drowsy,29_10_2850
training,Drowsy,29_10_2900
training,Drowsy,29_10_2950
training,Drowsy,29_10_3000
training,Drowsy,29_10_3049
